/*
 Navicat Premium Dump SQL

 Source Server         : Samy
 Source Server Type    : MySQL
 Source Server Version : 80045 (8.0.45)
 Source Host           : localhost:3306
 Source Schema         : smartdiary

 Target Server Type    : MySQL
 Target Server Version : 80045 (8.0.45)
 File Encoding         : 65001

 Date: 25/05/2026 17:19:40
*/

SET NAMES utf8mb4;
SET FOREIGN_KEY_CHECKS = 0;

-- ----------------------------
-- Table structure for comment
-- ----------------------------
DROP TABLE IF EXISTS `comment`;
CREATE TABLE `comment`  (
  `id` int NOT NULL AUTO_INCREMENT COMMENT '评论 ID',
  `circle_id` int NOT NULL COMMENT '动态 ID',
  `user_id` int NOT NULL COMMENT '用户 ID',
  `content` text CHARACTER SET utf8mb4 COLLATE utf8mb4_unicode_ci NOT NULL COMMENT '评论内容',
  `parent_id` int NULL DEFAULT NULL COMMENT '父评论 ID（用于回复）',
  `create_time` datetime NULL DEFAULT CURRENT_TIMESTAMP COMMENT '创建时间',
  `update_time` datetime NULL DEFAULT CURRENT_TIMESTAMP ON UPDATE CURRENT_TIMESTAMP COMMENT '更新时间',
  PRIMARY KEY (`id`) USING BTREE,
  INDEX `idx_circle_id`(`circle_id` ASC) USING BTREE,
  INDEX `idx_user_id`(`user_id` ASC) USING BTREE,
  INDEX `idx_parent_id`(`parent_id` ASC) USING BTREE
) ENGINE = InnoDB AUTO_INCREMENT = 7 CHARACTER SET = utf8mb4 COLLATE = utf8mb4_unicode_ci COMMENT = '评论表' ROW_FORMAT = DYNAMIC;

-- ----------------------------
-- Records of comment
-- ----------------------------
INSERT INTO `comment` VALUES (1, 2, 3, '123', NULL, '2026-03-19 15:54:57', '2026-03-19 15:55:52');
INSERT INTO `comment` VALUES (2, 2, 3, '123', NULL, '2026-03-19 16:36:29', '2026-03-19 16:36:29');
INSERT INTO `comment` VALUES (4, 2, 3, 'da\'ddad', NULL, '2026-03-19 17:08:48', '2026-03-19 17:08:48');
INSERT INTO `comment` VALUES (5, 1, 3, '123', NULL, '2026-03-20 09:41:21', '2026-03-20 09:42:51');

-- ----------------------------
-- Table structure for comment_like
-- ----------------------------
DROP TABLE IF EXISTS `comment_like`;
CREATE TABLE `comment_like`  (
  `id` int NOT NULL AUTO_INCREMENT COMMENT '记录 ID',
  `comment_id` int NOT NULL COMMENT '评论 ID',
  `user_id` int NOT NULL COMMENT '用户 ID',
  `create_time` datetime NULL DEFAULT CURRENT_TIMESTAMP COMMENT '点赞时间',
  PRIMARY KEY (`id`) USING BTREE,
  UNIQUE INDEX `uk_comment_user`(`comment_id` ASC, `user_id` ASC) USING BTREE,
  INDEX `idx_comment_id`(`comment_id` ASC) USING BTREE,
  INDEX `idx_user_id`(`user_id` ASC) USING BTREE
) ENGINE = InnoDB AUTO_INCREMENT = 6 CHARACTER SET = utf8mb4 COLLATE = utf8mb4_unicode_ci COMMENT = '评论点赞记录表' ROW_FORMAT = DYNAMIC;

-- ----------------------------
-- Records of comment_like
-- ----------------------------
INSERT INTO `comment_like` VALUES (2, 3, 2, '2026-03-20 09:42:38');
INSERT INTO `comment_like` VALUES (3, 5, 2, '2026-03-20 09:42:51');

-- ----------------------------
-- Table structure for diary
-- ----------------------------
DROP TABLE IF EXISTS `diary`;
CREATE TABLE `diary`  (
  `id` int NOT NULL AUTO_INCREMENT COMMENT '日记ID',
  `user_id` int NOT NULL COMMENT '用户ID',
  `title` varchar(255) CHARACTER SET utf8mb4 COLLATE utf8mb4_0900_ai_ci NOT NULL COMMENT '标题',
  `content` text CHARACTER SET utf8mb4 COLLATE utf8mb4_0900_ai_ci NULL COMMENT '内容',
  `create_time` datetime NOT NULL COMMENT '创建时间',
  `update_time` datetime NOT NULL COMMENT '更新时间',
  PRIMARY KEY (`id`) USING BTREE,
  INDEX `idx_user_id`(`user_id` ASC) USING BTREE,
  INDEX `idx_create_time`(`create_time` ASC) USING BTREE
) ENGINE = InnoDB AUTO_INCREMENT = 21 CHARACTER SET = utf8mb4 COLLATE = utf8mb4_0900_ai_ci COMMENT = '日记表' ROW_FORMAT = DYNAMIC;

-- ----------------------------
-- Records of diary
-- ----------------------------
INSERT INTO `diary` VALUES (1, 3, '1', '<p>1萨达萨达啊吴大维大碗大苏打撒旦啊达瓦公司大苏打飒飒的啊岁数大附带上哇撒士大夫撒发阿瓦倒萨大阿德撒旦阿萨苏打水阿松大撒旦爱说啥啊啊d</p>', '2026-01-10 11:01:35', '2026-01-12 11:01:35');
INSERT INTO `diary` VALUES (3, 3, '3', '<p>412wewe</p>', '2026-01-11 11:52:49', '2026-01-12 11:52:49');
INSERT INTO `diary` VALUES (4, 3, '3', '<p>412wewe</p>', '2026-01-12 12:56:31', '2026-01-12 12:56:31');
INSERT INTO `diary` VALUES (5, 3, '1', '<p>1萨达萨达啊吴大维大碗大苏打撒旦啊达瓦公司大苏打飒飒的啊岁数大附带上哇撒士大夫撒发阿瓦倒萨大阿德撒旦阿萨苏打水阿松大撒旦爱说啥啊啊d</p>', '2026-01-12 12:56:31', '2026-01-12 12:56:31');
INSERT INTO `diary` VALUES (6, 2, '3', '<p>412wewe</p>', '2026-01-12 16:55:45', '2026-01-12 16:55:45');
INSERT INTO `diary` VALUES (7, 2, '1', '<p>1萨达萨达啊吴大维大碗大苏打撒旦啊达瓦公司大苏打飒飒的啊岁数大附带上哇撒士大夫撒发阿瓦倒萨大阿德撒旦阿萨苏打水阿松大撒旦爱说啥啊啊d</p>', '2026-01-12 16:55:45', '2026-01-12 16:55:45');
INSERT INTO `diary` VALUES (8, 3, '11', '<p>1</p>', '2026-03-19 08:13:11', '2026-03-19 08:13:11');
INSERT INTO `diary` VALUES (9, 3, '1', '<p>1</p>', '2026-03-19 08:40:18', '2026-03-19 08:40:18');
INSERT INTO `diary` VALUES (10, 3, '1', '<p>1</p>', '2025-01-01 12:00:00', '2026-03-19 08:47:22');
INSERT INTO `diary` VALUES (11, 3, '1', '<p>1</p>', '2026-02-10 12:00:00', '2026-03-19 08:55:53');
INSERT INTO `diary` VALUES (12, 3, '1', '<p>1</p>', '2025-12-09 12:00:00', '2026-03-19 08:55:59');
INSERT INTO `diary` VALUES (13, 3, '1', '<p>1</p>', '2025-11-17 12:00:00', '2026-03-19 08:56:09');
INSERT INTO `diary` VALUES (14, 3, '2', '<p>2</p>', '2025-10-17 12:00:00', '2026-03-19 08:56:17');
INSERT INTO `diary` VALUES (15, 3, '2', '<p>2</p>', '2025-03-12 12:00:00', '2026-03-19 08:56:22');
INSERT INTO `diary` VALUES (16, 3, '3', '<p><img src=\"data:image/png;base64,iVBORw0KGgoAAAANSUhEUgAAA5YAAAKXCAYAAAD5INVvAAAAAXNSR0IArs4c6QAAAARnQU1BAACxjwv8YQUAAAAJcEhZcwAADsMAAA7DAcdvqGQAAEJ4SURBVHhe7d1fjCXnXTf4X3Ubx6+BJDgOQZCFkPaMWGMusnftzN7AezFS31gr4Su0kRa1NHpBkx2JoH211mpBWVjJghYT6dWQFln5MhZIBtTQ5r9geFv8CSAysWGcJhDCHxPjjDEYJ7h99qK7eqqfrqpT5zzVZ+pUfz7SUVX9nqeeU1XnzOnznapzTjGZTCYBAAC0+sVf/MWIiPiu7/quWFlZiaIojqd18xFxar7tFhEn+rYtV2vltG0+XU7buphnHc6Pu89MAAAAmINgCQAAQBbBEgAAgCyCJQAAAFkESwAAALIIlgAA0EH1xxTK+bpa23y63NZWZ1p7V32NAyXBEgAAgCyCJQAAAFkESwAAALIIlgAAAGQRLAEAAMgiWAIAAJBFsAQAACCLYAkAAEAWwRIAAIAsgiUAAMxhMpkcT6vzaa1Ota1rv7rlplq01OfV93iMi2AJAABAFsESAACALIIlAAAAWQRLAAAAsgiWAAAAZBEsAQAAyCJYAgAAkEWwBAAAIItgCQAAQBbBEgAAOphMJjGZTE7V0vm6WtNyqW2dVN39zCN3fagSLAEAAMgiWAIAAJBFsAQAACCLYAkAAEAWwRIAAIAsgiUAAABZBEsAAACyCJYAAABkESwBAADIIlgCAACQRbAEAIAZTCaTTrdq/zpN9Uja2vqVyj5p33Q5V9/jMR6CJQAAAFkESwAAALIIlgAAAGQRLAEAAMgiWAIAAJBFsAQAACCLYAkAAEAWwRIAAIAsgiUAAABZBEsAAJjBZDI5NU1rufOptC1dnldf44BgCQAAQBbBEgAAgCyCJQAAAFkESwAAALIIlgAAAGQRLAEAAMgiWAIAAJBFsAQAACCLYAkAAEAWwRIAADqaTCa102m13Pkumvo31efV93iMg2AJAABAFsESAACALIIlAAAAWQRLAAAAsgiWAAAAZBEsAQAAyCJYAgAAkEWwBAAAIItgCQAAQBbBEgAAZjCZTBqXy/m6Wqqp3iTtny7Pq69xON8ESwAAALIIlgAAAGQRLAEAAMgiWAIAAJBFsAQAACCLYAkAAEAWwRIAAIAsgiUAAABZBEsAAACyCJYAANDBZDKpna9b7lKbdb6LWfvPa1H3w/IQLAEAAMgiWAIAAJBFsAQAACCLYAkAAEAWwRIAAIAsgiUAAABZBEsAAACyCJYAAABkESwBAADIIlgCAACQRbAEAIAMk8mkdtpUq2qqN0n7p8tNuvaDeQmWAAAAZBEsAQAAyCJYAgAAkEWwBAAAIItgCQAAQBbBEgAAgCyCJQAAAFkESwAAALIIlgAAAGQRLAEAoIPJZFI7ratV20pvv/328Xxde9146XwXs/aPBa7DeAmWAAAAZBEsAQAAyCJYAgAAkEWwBAAAIItgCQAAQBbBEgAAgCyCJQAAAFkESwAAALIIlgAAAGQRLAEAoKPJZFI7rVPXp67/tPZU2iddbtK1H8xDsAQAACCLYAkAAEAWwRIAAIAsgiUAAABZBEsAAACyCJYAAABkKSa+dxgAAKb61Kc+FUVRxPvf//4oiiJWVlaiKIooiiIi4ni5Wi9vKyuH53PS+bpa9VYq26t9yvnqNJ2vSsdMtbU1mWcdxskZSwAAALIIlgAAAGRxKSwAAHTwC7/wC1EURVy8eLHxste6el2fUrV/JJfClu3Vet18ddpUK5fTWlVbW5N51mGcnLEEAAAgi2AJAABAFsESAACALIIlAAAAWQRLAAAAsgiWAAAAZBEsAQAAyCJYAgAAkEWwBAAAIItgCQAAHU0mk5mmVV3a0vkmXfrM6izG5PwQLAEAAMgiWAIAAJBFsAQAACCLYAkAAEAWwRIAAIAsgiUAAABZBEsAAACyCJYAAABkESwBAADIIlgCAEAHk8kka1qn2lbXb1p7qa6taw36IFgCAACQRbAEAAAgi2AJAABAFsESAACALIIlAAAAWQRLAAAAsgiWAAAAZBEsAQAAyCJYAgAAkEWwBAAAIItgCQAAM5pMJiemTdJ+df271lJd+sCiCJYAAABkESwBAADIIlgCAACQRbAEAAAgSzHxqV8AAJjq537u56Ioivi2b/u2KIoiVlZWTkwj4lSt7lbtX12vOq32r/ar1qr90z51prXHlLY6s/ZnvARLAADo4BOf+EQURRHvfe97TwS/umCZtkclFKZhMO1TrVeXq/Xq+ul8XS2db9KlT9Ws/RkvwRIAADr4+Z//+SiKIi5evHgcBqvTabV0OWqCZRpCq7dqvZSG1Oq0ab5aS7W11Zm1P+PlM5YAAABkESwBAADIIlgCAMAM2j5JVrbV9SkvG61rK7W1xZT2trau+hiD80mwBAAAIItgCQAAQBbBEgAAgCyCJQAAAFkESwAAALIIlgAAAGQRLAEAAMgiWAIAAJBFsAQAACCLYAkAAB1NJpNT87NO65xFWzS019Ugl2AJAABAFsESAACALIIlAAAAWQRLAAAAsgiWAAAAZBEsAQAAyCJYAgAAkEWwBAAAIItgCQAAQBbBEgAAZjSZTFqnXful/aua2prqMaUNzpJgCQAAQBbBEgAAgCyCJQAAAFkESwAAALIIlgAAAGQRLAEAAMgiWAIAAJBFsAQAACCLYAkAAEAWwRIAAGYwmUzSUhRFcWJa12eacp26detqpba26NAOfRAsAQAAyCJYAgAAkEWwBAAAIItgCQAAQBbBEgAAgCyCJQAAAFkESwAAALIIlgAAAGQRLAEAAMgiWAIAAJBFsAQAgBkURZGWTphMJp2mpXS5qqmtqR5T2kpd+sAsBEsAAACyCJYAAABkESwBAADIIlgCAACQRbAEAAAgi2AJAABAFsESAACALIIlAAAAWQRLAAAAsgiWAAAwg8lkkpaOa5PJJIqiSJtnVr2Pcry6+z0Ls9zPLH0ZN8ESAACALIIlAAAAWQRLAAAAsgiWAAAAZBEsAQAAyFJMfJUTAABM9YlPfCIiIh5++OFYWVmJlZXDczQrKytRFMXxt7dWl8tb2TddLmvV9mq/6rjVejpfVVevq7U5q76Ml2AJAAAd/PzP/3xERFy4cOE4WJahsBoCq8vT+kQSLNMAWm2r1uvm6/pMqzVpa0vN0pfxciksAAAAWQRLAAAAsgiWAAAwh/ITZW2fLGvq07Sc1lNNl51OW+8s3cv7ZjgESwAAALIIlgAAAGQRLAEAAMgiWAIAAJBFsAQAACCLYAkAAEAWwRIAAIAsgiUAAABZBEsAAACyCJYAANDBZDI5NV+tpW25iqKIaLjfJnXrwCIIlgAAAGQRLAEAAMgiWAIAAJBFsAQAACCLYAkAAEAWwRIAAIAsgiUAAABZBEsAAACyCJYAAABkESwBAGAGk8kkLdXWSmVbOk2l9XQ5R59j1Tnr8Rk+wRIAAIAsgiUAAABZBEsAAACyCJYAAABkESwBAADIIlgCAACQRbAEAAAgi2AJAABAFsESAACALIIlAAAAWQRLAACYw2QyOTFN56dJ1y+KIulxttq2ta0N6giWAAAAZBEsAQAAyCJYAgAAkEWwBAAAIItgCQAAQBbBEgAAgCyCJQAAAFkESwAAALIIlgAAAGQRLAEAoIPJZFI7X1dL28vlyWQSRVGcaOuiaeym+XvhXt8/95ZgCQAAQBbBEgAAgCyCJQAAAFkESwAAALIIlgAAAGQRLAEAAMgiWAIAAJBFsAQAACCLYAkAAEAWwRIAADooiuLU/GQyOTFN55uk602bziNnXZiVYAkAAEAWwRIAAIAsgiUAAABZBEsAAACyCJYAAABkESwBAADIIlgCAACQRbAEAAAgi2AJAABAFsESAADmVBTFiVvVZDI5sZyr7/GgT4IlAAAAWQRLAAAAsgiWAAAAZBEsAQAAyCJYAgAAkEWwBAAAIItgCQAAQBbBEgAAgCyCJQAAAFkESwAA6GAymUydj4goiqK1NplMTiwXRXGibxdN95/eb455xppnHcZBsAQAACCLYAkAAEAWwRIAAIAsgiUAAABZBEsAAACyCJYAAABkESwBAADIIlgCAACQRbAEAAAgi2AJAABAFsESAADmNJlMaueLomispco+06a56sapq8E8BEsAAACyCJYAAABkESwBAADIIlgCAACQRbAEAAAgi2AJAABAFsESAACALIIlAAAAWYo7d+74VVQAAJji+eefj5WVlXjkkUeiKIpYWVk5npbz1Xp1ua4WESdq024RcbxeOl+2V/tW63Vt1XqTtrYm86zD8nPGEgAAOppM7p6T6TLfVoMxESwBAADIIlgCAACQRbAEAAAgi2AJAABAFsESAACALIIlAAAAWQRLAAAAsgiWAAAAZBEsAQAAyCJYAgBAR0VRRETEZDI5rlXnu5pnnZhjvVn7w7wESwAAALIIlgAAAGQRLAEAAMgiWAIAAJBFsAQAACCLYAkAAEAWwRIAAIAsgiUAAABZBEsAAACyCJYAADCjoiiiKIoTtclkcmI5jvrV1eOoLUfTuHVy7wumESwBAADIIlgCAACQpfipn/qp7ufQARi1d7zjHfH444/HBz/4wbRpLm+88Ua8+uqr8fbbb6dNAFlWVlbioYceigcffDBtOjPPP/98rKysxCOPPBJFUcTKysrxJbHlfN00jra32r/aVq213ap96+bTWqmuX9repK2tyTzrsPyKySwXZwMwaq+88kp8+tOfjh/4gR9Im+bypS99Kb7zO78zHnjggbQJIMubb74ZX/jCF+L9739/2nRmBMtu5lmH5edSWACOPfzww/HVr341Lc/t7bffFiqBM/HAAw+4GgIGRLAEAAAgi2AJAABAFsESAACALIIlAAAAWQRLADhL+9fj0upqXNlNG4BlVP1BhXI+/ebWtF9bbZpynclkMvXbVsv2ee4HcgmWAAzAfly/tBqrl67Hfto0s924snoprmcOtHtlNVZ7SYMb8eRmxPbGlZhttN24sroal5p2ZPdKrK7OOiYAnA3BEoB7b/fpuLYXsfnU1VhL22a1HxHre3Ht4gzhcvdKrJ4Io/tx4dHNiO2Pnx7jVN8p1tbi6o2d2Izt+HjnlSJi97nYjvV4cqM8IodBs5ese3QWNQ3O/YXpe6/zvuxeidWGAL97ZTVWVw9vl67vx/71S537Num8XbNq2Q+ARRAsAViwo7OTR2/CV1dXY3VjOyIitjeSevV24mxmzRjl7eJGbO9FROzFtYs17afGiojLT8Rm7MULL5WFtVi7+rHYWt+La0+fDAH7t29FxGNxsZKAq6Gi/rYR2xGxd+1iTdvRLQ15z21HrD8Zd3PlYdB89MKJbnPYj+sfuRZ761tx+8blEy0XHl0/sbzMcvdl98pqbGyvx9btgzg4OIibV5v/y2OWvrnbBTBUgiUA98T61u04ODh8Iz7tdnur/s34LGO0j3UhHl2P2H6uGu7W4upT6VnL/dh5di9i84moRrLLNyr3sbMZEZuxU3Pfx7fbW7EeEZs7ldqJkLcbz22fPIO7f/vWyaA5r92n49reemw9czR28hnQ9UcvzH5Wdijm2ZfLN+LgVBjcj9u34tTxXrt6s3PfE+bZrlnV7gfA4giWABBrsfHkesT2cyc/s3j58Kzl3TOZL8ULe0fBoMnlJ2IztuNERk299ELsxWY8cfKE4V27z8X2ifajQLt3LS6WZzg3tiNiOzaSM5/TrrI8dSZ07WrcPLgdj358NS5e2zs8q/rxR+P2wc1Yuowy1H0Z6nYB9EiwBGAJrcXVm/OdnVm7ejMObp7+LOfaxpOxfioQHt7P8cnEU597rHM5ntiMuHW7+VTU7nPbp8563rUf1z9+eGnwsd2n49pecha04cxocnVr4vBM6PqTG8n+H52dPTL1s67Vz/Mdzd+9nf5CofKziVd2T1823BSE036rl67H/tF93V3n8HOnJ+9zvn0pxzzc1otxbS8qQf7ozGLnvv1tV9djnG5btdZ5jCPpsW/63Gbab/XS9bRLo2vXrsXf/d3fpeUTPvWpT8Wv/MqvpGVgoARLgJH46Ec/OvWN2s/93M/Fzs5OWr4nWj9vmNwuXts7ufKpN8mz304FmrWr8dRmejnsSafO9jW4/MRm7F17uv6N+/71+Ph2xGbT6cqjLzI6UWoNojNoDMa7cWVj+/DS4p3Nzt9ge/fMWxlsD7+kaKPhEs/tjdV47omy7+3YWo/Y3kj7Hn5+tvqZxYODg9h57FpcPPosbrv59qV0eLnr4bbF+tbRvtWfWZyl77zbNesxrtN9jMNAvHGr3JfD/8DYu3Yx+Qxw82PU1fd///fHj/7ojza+Zm1vb8etW7fie7/3e9MmYKAES4CRePLJJ+NHfuRHGt+offKTn4xbt27F933f96VN98Qsn4889bnIo8+TNd4azuZVb3Vn9i5/bCvW674JNu4GwtNn+2ocXQ5b9y2w+zvPxt76Vnys5v5rz1ZOC6IzqPvioYijwLm+Fc9cXTu6/Dc9c9tgfStunzj7ezlu3N6K9Tj9pUcREbG5Uznua3H1mdN9969/5PAbgndOBrTLNw5i5+4Jv7IaNw4O4uDgxt3QPe++9KrH7Zr1GNfpOMbulY3Yjs3Yqfa9fOPwuFf+XbQ9Rl09/vjj8UM/9EO14XJ7eztefPHF+Imf+Il44IEHTrQBwyVYAozEhz/84fjhH/7h2nD5yU9+Ml588cX4yZ/8ydG9UTu8HLHb2Z+p1q7GU5v1b9h3n74We7EZT9Wfjkpcjhs7NWct96/HR67tNV4GefiGfTN2TiSoi/HYZlMQnc1Lhx8QjVOfEL18o3J5cHL5b4vakL22EU+uR8St26d+k/RUOF67GI+dKBx9lrQheHf6RtU59+XMzbldsx7jOt3GOLxMuu7M+OFxLz9r3P4YzaIuXAqVsLwES4ARqQuXYw6V0RaW5nR41nLj1GfVNrYj1rc+dupNd6Ojs1Ibxz9tshtXLl6L2LrdGCheemEvNncqZ7kiItYux40b9UH0Xnvs1KnPiIi1uPhYROy9EMffeTTNcbg5/HKkeOxi7f6uXTwZQ8+DPo5xpzH2b8etiIjtjVOXjZ+8FL39MZpVNVxubW0JlbDEBEuAkamGy5/+6Z8edag8/qmH2je5p78x9fCWfq4ssXY1ntlar3wG7vCzcVFextjZWly9uRObe9fi4pXrcf3SRmxv7rR+4dDlG6fPYpVffHPq1vCtsKd+o3Phjh4TzlAfx7hhjM2dU5eNt10+3ocyXN65c2epQuVkMmldLk0mkyiKIi13Vrdu3X3V1erU9aurwawES4ARKsPlnTt3Bhsqs768p7S/E882/vxH02csm75c5a61qzdjZ3M7NspAGJXffZzJ4SWxsX3t8DNp6aWgHZS/nXjq1vQ50ppvvC1deHS981muLuq/+fbojFbOWeSGSzwPPyN6vvRxjDuNUV6W3HDsT+nar6PHH388fuzHfmyQr1VAN4IlwEh9+MMfjh//8R8f7Bu1rC/vObK/82wc/tJDwzewZrj8RCUQJl9S0tnulVg9+ibQnc3Db0U9+e2ai3V4KemtqM0Zc9h7dud0uNh9LrabPtc31eFPtcTes7FzauCjz/adM30c425jtB37qrZ+pwrAOSJYArCkDoPG+tZO8lnGfLtXji413dw5CoRTLp9NlT+HshGxc3D4e5uXbxzEwe3Dz2+utvw24Jm68Gisx148ezoRtDj8aYnaS4j3rsXFalDevx6X5rps+K7LN3ZiM/bi2sXqFzLtx/VLR78XecLRtnV+7Fv2pVc9blcfx7jjGJc/dvRNsSeO/dHzubJ+22MEnF+CJQDLaffpuLa3GU9dvRxXb96OrTj8gfqcE4Ll5xk3to8uMb1x+SgQPhnPXpweFI5/MP74NwPTL+K5GjcPDgNmlJcCTxmzV0ffBFp7BmsO61u3YycqX/Zy8Vrsbe60Xo473eW4cfw7i+Xl0Bfj2ScPf//xpMPLObueuVuc/rarj2PceYy1q3Hz1LFfjdXnnoiDEx+wbH6MgPNLsATgnsj7jGX5Y/Plt7Qe/nzDwe2tuLXR8sU2lVv1jGEZCA+/tLUlED4T8ZHV1VNnlsr1P/7o0eW96Rv2VDnewd1AvJhLZNfi6lObDZcxNjk6tg2fTb18I7l0ueYbXsrPiZ5uOvq9x1PHq/wdyLu3m1fXjj5juR7HH6k9+ibT+m89rdO+L3cd9Uu36+j3U0/uR03fnreryzGepvsYp499fd/T/dq+mAoYP8ESgHsi5zOWu1cavmH1OLBNv928unb3DGWU34RZ/8b+2PH4z0R85CikXtk9ftN+anumKgNF05v3M3D5Y7G1Xv9bncNW/n7ik7FRHuaXXoi92Iw5vhPp2GFYzRvjlB62a1Znsh8z6/y/FcAICZYALNhhmJolhK1dvXnijNDlG/0EseNvXJ15rDMOhJdvnD5rmurSp9ZaXH3m6LOeCzlLOqPdKzWXB5efsTz57by7z21HbD4xxzE4sn89PnJtb7bfJ+0ge7tmdUb70ajlMQLOL8ESAM6b8szrWYTiXJdvxMFTLxxeHnx8uxjXHts5dUZ53v9gOP4s7OG1zzP9J0cX827XrM56Pxq1PEbA+VVM/CIqABU//dM/HT/4gz+YlufyxS9+Mb77u787LQP04nOf+1x8+7d/e1o+M88//3wURREXLhx+0HdlZeX4VhTF8bS81dXT+Yg4sU7Trby/UtpW116dT5dTdbVoqbeZZx2WnzOWAADQURmaquGp7jxNURS19app7bBMBEsAAACyCJYAnJmVlZV488030zJAtjfffPPEpZ/AveUzlgAce+WVV+LTn/50/MAP/EDaNJc33ngjPv/5z8fXvva1tAkgy/333x+PPPJIPPjgg2nTmXn++edjZWUlHnnkkePPLVY/R1n3+cm6ejk/y60cq5S21bVX59PlVF0tWupt5lmH5Vf81E/9lGAJQEREvOMd74jHH388PvjBD6ZNAOeeYNnNPOuw/Io7d+4IlgAAMIVg2c0867D8XJgOAABAFsESAACALIIlAAAAWQRLAAAAsgiWAADQUfWX+sovqSmnTb/iV9aLoqjtU9bq2qrq7ruLaeNCHwRLAAAAsgiWAAAAZBEsAQAAyFLcuXPHRdcAnKkvvnYQ/2Xn1fjsP/1HvPbm22kzI7Vx4T/FT/7nd8e3v2s1berFW2+9Fa+88kp87Wtfi7ff9rw6Lx588MF46KGH4r777kubztzzzz8fRVHEhQsXoiiKWFlZOTFNaxFxYjmtlbeyVtdW7VPXv1yu1tL6tLamWrTU28yzDstPsATgTH3xtYP4n/+/l+N///B74urjD8W7H3CxzHlw582345k/uRM/9htfjt/7397Xe7h866234u///u/jve99bzz88MMn3jQzXm+//Xa8+uqr8fLLL8e3fuu3LjxcCpbdzLMOy8+rMABn6r/+5p34v7/vm+P/+t6Hhcpz5N0PrMRHH38oPvrhh+K/7LyaNmd79dVX41u+5Vvim7/5m4XKc2RlZSUefvjhePjhh+OVV15Jm4F7yCsxAGdq5/a/x//6P70rLXNOfPTDD8VnX/6PtJztjTfeiHe/+91pmXPi4Ycfjq997WtpGbiHBEsAzpwzlefXux9Yjde+ejaff1xd7ffyWpbH6uqqz9XCwPhLDwAAQBbBEgAA5jCZnPwOzOqX1kwmk7m/xKYcNx2/Tpc+sAiCJQAAAFkESwAAALIIlgAAAGQRLAE4V3avrMbqld20DEvp1PN5/3pcunQ99k92itXVK3HiWb97xb8DoFeCJQDn2v71S7G6ujr9dul67MduXEnrM92SN/eHGxCXVhvCbtl24nYprp9IDYd2rzS3MSydn3NNt+PguB8XntiK9e2NynPrYjwW1+Ji3fPp2G5c2diO2H7u9PMRYE6CJQDn2trVm3FwcJDcbsfWekSsb8XtsnbzaqzF5bhxot9ObEbE5k66/kEc3N6K9ViPrdvV+o24fOLe9+P6R67F3vpW3L5RbdmP65dWY/XitXgsHXvnsbh2sRouDl2+cTu21vfi2keSs1UMztrVm7XPj9tb63efczubEbEZO8nz6vbWesRjF2PtcKRYu3w1bh7cjq317di4shuxdjlu3NyJze2N+v+siP24fmkjtte34vap5yPA/ARLAEaveoZoYzsitjeOl2vfey/K7tNxbW89tp65ehQUjspXLh7Wbx/EibwZEXH5xmEo2UvPSq3F1WcO60/fy32iHxcejfW0FhEvvbAX649eSKprcfXmQRwcP1kux42dzfozkrtPx7XYits3Tz7nAHIJlgCMXvWs5OGJoJ3j5VPBbYF2n9uOWH8yNk6mytjYjljfeiauNr3zX7saz2ytR2xvnAzGa1fjqc2I7Y87a7kc9g7PPh/9J8fFa3t3m9YuxmNxK26feCD34/atiMcuNj0xKi7fqDlDflQXKoEzIFgCwD2xG4e5cuPk2crntiNiM55qTJWH1jaejPWI2H7u5Dmpy09sRuw9GzuS5RKouRT22IV4dH0vXnipUtrfiWf31uP4hGXdl/IA3COCJQDcC7vPxXasx5MnT1fGc9sRsf5opBc7nrK2EU+uR8St2yfPTl54NNYjCSQsobW4+FjEreopy5deiL14LMoTlvsXnjj8bOXqalwqv7Vp98rpL/s5vP47NtJ6+u2xdFIURVo6ZTKZpKWIo3rb+k1t09aDIRAsATi39q9faviCk7O3f/tWRCUknHD85Swd7L0QJzLk2sV4LJJAwlK68Oh67D27cxz+dp/bjth84vjy1rW1y4efrdzZjL1rH6l8I/DpL/1JbyfPjgLkEywBOH+OvrznI/FM5QtPpjn6ptYTZ3024vC7gNL64Te67iWfoVtdvfuzIi+9sNftzOTMLsSj6xF7TlkugZbPWJaXOx//x8Hh5ytPf3FP+XnKm82fyQVYAMESgHOh/GbYje27X95zc6Z34kffvHnizM9ObJ76SZGjW83PSRwcVL+5s0V6eWubMwmnLEbbZyzLy52347ndu5+vPHnpdJOay16TWxpiAXIJlgCM3u6V1bj4wlNxUH4rbF/2b8ettJbl8Gzjqctb6+zvxLN7M142y5JZi40n12P749fj+tPXYm/zqdqzkvvXLyWfl3QpLLB4giUAo3f5RsczhbNKvkxlFhcOr1dNAuRaXH1qMyK24+N3PzBXa3/n2diL9dj6WLpfL8XhVbbOY47B2tWnYnPvWlzbjth8In2sIyL2Y+fZPf/BANxzgiUAzGn/8ENvc12KunbxsYhTv1MYEZc/FlvrkXwZS2L/enzk2l5E3Rmso7OonX7rkEEoL9O+eG0vYu9aXFytfGPr7nOxHRERm1GbK4/+I+Fk6HQpLLB4giUAzGU3nr62d+p3KDs7+lmQZ0/94ORaXL15O7bWD7/Y5dSX1u5eOfxioM2d+rOwL70Qe1H5rUMGZ/fKyS93+kg8c/fy1PWtuH1wEAc3r8ba/vW4tLEdsbkTO5vbsXHqyXD3Z2tOPt4uhQUWT7AEgCaNlxfuxpXVjdhe34pnTp0y7OjodyirPydRaTz+GYlT3zi7cevwC1/qQmX5kxTrT0an73jhnrh842TIq/0SqeQ/EC7fuB1btzZO/TyOxxsYCsESgPHbvx6XjoLZRsNn1XavVAPcxbi2V/f5xXKsw1B5++bVhuDZxdHnKfeejVMnLUuXb5w609T6sxL71+Pj2xGbT+VsF/fazpXVWD06U3n3PxDW4urNndjcrobL3Xhuu+0/QJq99ILPZQL9EiwBGL+1q3GzEs7qTvalZ5FqA9zRWaTHdo4uVUyaZ3b5Y4eXvD5dc4njHHafvhZ761tRl4dZEkdf1LO+dbvmrPTluHFQOXN59PnLuv8oOWX3yokz303/wQIwr+LOnTuTtAgAfXn3//ulOPh//se0TGn/elxq+8xkR7tXVmNjez22btcE4nts9f98Me78H+9Py1n++q//Or7ne74nLXOOfPazn40PfOADaflMPf/887GyshKPPPJIFEURKysrsbJyeJ6mnC+K4vhWLlfraZ+2WzludZrWm2rVetpWrbfVoqXeZp51WH7OWALAvVSeTc0IlXF8xnV4oRKA80GwBAAAIItgCQAAQBbBEgAAgCyCJQAAAFkESwDO1LseWIk7b76dljkn7rx5kJZ6sbKyEgcHZzM2w+exh+ERLAE4U9/zzV8XP/P7r6ZlzolnPvNabFz4T2k52/333x+vvPJKWuac+MpXvhIPPvhgWgbuIcESgDP13za+KX7mv/9z/Mx/f9WZy3Pkzptvx4/95pfjx37ry/GT//ldaXO2hx9+OF555ZV45ZVXnL06Rw4ODuLll1+Ol19+OR566KG0GbiHijt37kzSIgD06YuvvRX/dedLsfPCVyIm/uycB+96YDW+5/3vjP/2v/wP8e3vui9t7sVbb70Vf/M3fxOvvvpqTDyvzoXV1dV417veFR/4wAfivvvO5nnV5vnnn4+VlZV45JFHoiiKWFlZiZWVw/M05XxRFMe3crlaT/u03cpxq9O03lSr1tO2ar2tFi31NvOsw/ITLAEAoINf+7Vfi6IoTgXLcr4aCpvCZBpEIwmG1THKW9lW7VttS/uUynraVq231aKl3maedVh+LoUFAAAgi2AJAABAFsESAACALIIlAAAAWQRLAAAAsgiWAAAAZBEsAQAAyCJYAgAAkEWwBAAAIItgCQAAMyqKIiIiJpPJqdo0bf2q4zWpW7+u1ocu2wMhWAIAAJBLsAQAACCLYAkAAEAWwRIAACr+9E//9PgGdCNYAgDAnKpfmlP3RTfV9rYv2Enb5vlSoLr77ypnXQjBEgAAZpMGvbrlalCrm0/7lNKxUvOsA4sgWAIAQMWHPvSh41vpq1/9akTHM5CTyaSxX906dWGx1NbWVd19Qt8ESwAAzrX0M5XpckTEa6+9FkVRxNd93dedukw1Xa5rS/tNC4xpGJzWH+41wRIAAKb4l3/5l4iIuO+++6IoilMBstR2trKpVi53CY9N656lLtsFgiUAAExRBsuv//qvP66lZyRnDZSpuva6Wqot+HVZH/pQ3Llzp/mZCAAA59yrr74an/nMZyIi4ju+4zviHe94RxRFESsrKyem1Vu1VjcflTDa5Zb2ry6X89VpU3u1LVVXK7W1pWbpy3gIlgAAnCvVz05+6EMfmrq8t7cX//qv/xrvfOc7433ve18URwFxZeXw4r9qWCzr1RDYFiyrY5S1ulvap9o3rZXq2qttqbpaqa0tNUtfxsOlsAAA0OD27dvx+uuvR0TEu9/97ohKcGr7PGVdoBO4GDPBEgAAarz++uvxhS98ISIi3ve+98X9999/IjDWBcWutTiqp5+PFERZVi6FBQCAiq985Svx4osvHp+pfM973hPvec97ImoudU0vZU3b0z7VQJrWq7XqetWxyuVqPa2Vqu11bam6WqmtLTVLX8ZDsAQA4Fx78803486dO/H666/Ha6+9Fl/+8pePQ9m3fMu3xDd+4zdGJKExDYXVW9mvrj0Ni3V9qrVq3+pyOkY5TefL+0vr1fm2WqmtLTVLX8aj+Nmf/VnBEhiVMf9BG+K+DXGb+jLmfYsB7t/QticGuk196mv/+hqnT123KQ1e5e2d73xnfNM3fdPx5a/lrSk0prV0uayV21UdM71Vt6s6VnXd6hjVWjqf7l/dfFut1NaWmqUv4yFYAln88eimr+PU1zh0M/bj3df+9TVOn4a4TX0Z4r71tU19jdNVUQlm999/f9x3333xDd/wDfHggw+eCJTVkFgNiumtGirTerl+eX/putVb2bfslwbLdP26tmqftN51uaqtLTVLX8aj+MVf/EXBEs7YmF9gh7hvQ9ymvlT/55mzN8Tj3efzu6+x+hqnT0N87PoyxH3ra5v6fC51GasawNrCYDkt69Wgl/at9quul85X+1Tvt3qr61dKa9W2aq2u3nW5qq0tNUtfxqP4pV/6JcESztiYX2CHuG+2abHGvG99vVnu0xCPd1/HaYj7NsRt6ut496mv47TofSuDV3krg196qwuO5T6n6zQFy+qtvO9qn7rtSfuVtXSdtK1aq6t3Xa5qa0vN0pfxKH75l39ZsIQGXhin6/MY9TnWWA3xGI15m/oaJ3oeqy9D26ahbU/cg6DTRZ/Hqa+xhjZOV2Xoq86nIa8aDLv0aVqu9m+673K+7Ju2ldO6ftW26v2k9br5tlqprS01S1/Go9jZ2Zk7WKa/uwND4MVseY35setr3/oaJ3oea2j62re+xomexxqavvatr3H6NPZgOcT960vXfUtDYHl8qyGy2pYGvWq/dL1qn3I+Hb9uvtq3uk51Wlcr1bW3zbfVSm1tqVn6Mh5ZwRJYXkN80R/aNg1te6LnbepzrKEZ4r6NeZuGNk6f+tymvsbqa5zoeaw+9Lk9swbLcj6dFjXhMr3VtadjxNH+VdvS+fKWLldr1e2r1qZN2+bbaqW2ttQsfRmP4ld+5VcEywbOyE7nhWN59fXY9TXOEI1532KGN130Y4jHe2jP8T6P0dD2LUa+TUMbJzqOVdQEvfRWDZd16zSFyrRWHG1PNWim8+X45bSuVu1b11a9r3Ka9k3n22qltrbULH0Zj+JXf/VXpaczNsSA6h88fb6BG6sh/jsZ4jb1acz719e/uSEeo762qa9xouexhqbPfetrrL6e333qsm9pWCxr5XJ5q9a69KkuN41fN1/2TdvSccrltK3ap1pL5+uWm2qltrbULH0Zj2J3d3d4qQeo5YW6mzEfpz73rc+x+jK0bRra9sQSv4FftDFvU1/jRI9jDW2c6DhWkQS+spaGxLJWXScNhWmfNIym49Xd6vqVtXQbq9O6Pk3tTctNtVJbW2qWvoxH8fzzzwuWsCS8UHcz5uPU5771NVZf4wzREPdtiMFyiIZ4nMb8fFrWfSu3u6gJeeX6dQGxKXiWfdKgWdaq69fdb117ddpUr+vT1N603FQrtbWlZunLeAiW0GJoL4xD256+jXn/hrhvfW1TX+MM0RD3zTZ10yVUdDHEfetzm/oaa2jjdFXUBLtqaGwKgGVb3Tp17XXjl/U0LKbt6f2n9VLap669Kl1uqpXa2lKz9GU8il//9V+fO1gO8bODMMQXsyFu0xCN+TjZt8Ua4jb1pa/AFAM8TkPbnuj5ePdliMepr23qa5yu6sJhdb5cLjoEyWqf6q1cv+1WvY9yPp2mfavTqDmb2XW+qqkeU9pSs/RlPIrf+I3fkA4bCM7TeeFYXn09dn2NM0Rj3rc+DfE42aZuhhaahniM+tymvsbqa5wh6vM52fU41QXGcj6OxqneqvW0f9pe3qr907ZqnzQcTqtXp2mt63xVUz2mtKVm6ct4FL/5m78pPcEZ8wK7WGM+3mPet+j5TWUfhni8h7hNQ3vcYqDHaczb1Nc4feryvCy3uyksFjUBsOxT17+cT9evtlXXq7uPstbUlrZHsq91/drmq2atN5m1P+NQ/NZv/dbcwdIZPYbIi9ny6vImYFmN+Xk55n0b4nNyiMe7r23qa5w+jX2b+hpraON0lQbEcr68VdvK5Wp4rN6mrZ+2VftU26v96trSftU+Tf3a5qtmrTeZtT/jUPz2b/+2dNhgzMHZP3j6Mubn0hBDRZ/G/NgNcd/G/nzqg8etmz6PU19jDW2croqa0FedbwueaVu6brmctqXjlH3SWjpOOq3rU9c+bb5q1nqTWfszDsXv/M7vjDc9wUB4gV2sIR7vvrapr3GGamj7N7Tt6Vtf+9fXOH0a4jaNPaT2oc/t6Xq8i4YwN++tOk4aGJv6pbW0La2XmvpU26fNV81abzJrf8ah+N3f/d25g+WYz+ixvLyYLa8xP3b2bTkNcd+GuE1d38Av0hCPU1/b1Nc40eNYfY3Tpy7bVPYpGoJf9WxjOd+03LZuURMy6/pUp9X+TdO6WlV1uWm+rVZqa6sza3/Gofi93/s96fCMDTGA+wcP043930lf+9fXOH2yTd0MbZsE1G6GuE19PXb3Yt+KhkCYLpd965brxmobI72V9bS9uly9j7SeTtO+bfNttWipt5lnHZafYAnn1Jhf9O3b8hra/vX1ZrlPQztGMfJt6muc6Hmsvgxtm/rcnq5jlf3qwl96lrHpVkpDad0YdfdVndb1r95HtZa2V/uly03zbbVoqbeZZx2WX3Hz5s25g+UQz8SxvLwIMbTnQJ/b0+dYQ2PfFqvPbeprrL7G6ZNt6qavbeprnD512aai4exgWk8DY10wrAuEab/0Vl2/SEJo2zSS//iqa6/Op8tpW1MtWupt5lmH5Vf8/u//vnQI55AX/enGfoyGeDauL0N87GzTdEPbnrBNnfW1TYt+XSq3u2gIfXXBsC5Apus19UvHS9eta6ubRhJkS03z6XLa1lSLlnqbedZh+RV7e3tzB0tnLOmTFyHG/Bywb8upz33ra6y+xhm7IR6nvrapr3Gi57H60Of2dB2rLuyltaIhKNbNp7e6tnTdNCROm9adrew6X7fcVIuWept51mH5ZQVLYHn19aLf1zhDNOZ9i5Hv3xD3bYjb1Je+9q2vcfpkm7rpa5v6Gic6jlX2KVqCX3qrtqXzdYG0rV43bjot5+v6V/t2na9bbqpFS73NPOuw/Io/+IM/GESwdPYTL0KM+Tlg35bTEPfNNnUzxG1a9GWeXQztOPW5PV3HajsTWb019SnH6FKva09rXablfFpPa3XLaVtp1nqbedZh+Q0mWALTeaFerLEf7yHu3xC3qS9CxXRD256wTZ0t6/O77FNO0yA4bb6tf93lrel8Wps2rauVmubT5bStqVZqa2syzzosv+IP//APRxUsnflcLC8c9Kmv51Nf4/RpiNvUF/u2WLapm762qa9xouex+jK0bVr09hQNAa/LfNPZxmmBMmoCaZdpOu4883XLTbVSW1uTedZh+RV/9Ed/JInBGfMCu1hjPt5j3rcY+f71tW99jRM9j9WHoW1PDHSb+tTX/g1tnJhhrKIm+KW16nxToIyawJi2p+tPm1bHLZW1eebrlptqpba2JvOsw/Ir/viP/1iwPGNDPIvqHzx96fO51OdYQ2PfltMQ9802dTPmbeprnD71tU19jdNVeX9FctayWivn2wJlW3s6X7duXa1unbQtraXzXZabaqW2tibzrMPyKz7zmc8ML/XAQHhhXE5jftzGvG8x8v3ra9/6Gid6HqsPQ9uevg1x/4a2TX1uT5exippQV51vOwNZ7ZPW0vm2fm3TprObXefT5bSt1FSPKW1N5lmH5Vf8yZ/8iWAJ59AQX/SHuE19sW/LaYj7ZpsWa4j7Vr0sciiGeJy6bFPZJ+3bJVCW83W1cr5urK7TurHK6TzzdctNtapp7XXmWYflV/zZn/3ZIILlEC8XZbG8CNGXMT+XxrxvMfL9G+K+DS2gDPEY9WmI+ze0bepze7qOVfarm9bNNwXFulrTGcem/tW2tN40X1frutxUK7W1NZlnHcZhMMESxmyIL7JD3KahGfsxGvP+2bfFsk2LNcR962ub+hqnq/L+6qblfNMlrPOs02XaFkZLXea7LDfVSm1tTeZZh3Eo/vzP/1ywBAZhzH+M7NtyGvO+xQD3b2jbEwPdpj71tX99jdOnrttU9kun6ZnJtL2ulq4zbZrWqlcRpG3ldJ75uuWmWtW09tSs/RmX4rOf/ewggqVLYZeTFxCGaMzPyzHvW4x8/4a4b0Pcpr4Mcd9s03SL3p7y/spp3dnCpvlqra0trTVNu/TvOt9lualWamtrMs86jMdggiWMmRfa5TT2x23M+2ffFmuI29SXIe6bbeqm6zbVhcly2qWWc9lrUfkcZlqvm3ad77LcVCu1tdWZtT/jU9y6dUuwBObmD0k3Yz5OY963Pg3xOA1tm4a2PX0b4v6d9y9wKu+vbdpUa2prWy+dtvWbVus631RLl1PT2lOz9md8is997nOjCpYuqV0sLyIM0Zifl2Petz4N8TgNcZv60te+9TVO9DzW0Axx35Z5m8p+bdPqra4trU2bpuOl7XXTtvl0ua2trVY1rb1qlr6M1+iCJfTJC+ViDe14D217+jb2/evDEI/RELepL2Petxjo/g1tmxa9PeX9pdO6y2PTPnXTulq1ra5eN51Wa5ufZzk1rT01a3/GqXjxxRcFS2Bu/ph04zh1M+bjNMR9G+I29cW+LdYyb1NdiGya1tWapk3zs0yn1eqW07a6WrqcmtZeNUtfxq34i7/4C8HyjA3x8lwvAgyR5+V0jlE3Yz5OQ9y3IW5TX8a8bzHA/Vv0Zz7L/Z9lWlerm84SWKvTabW2+S7LTbWqae1Vs/Rl3Iq//Mu/nDv1DDEwsby8MNEXz6VuHKfpxn6MhrZ/Q9uevg1x//rapr7G6VPXbSr7zTKtq1Xb6up107paW1taT+e7LDfVqqa1V83Sl3HLCpZAN150l5PHrRvHqZu+jlNf4/TJNi3WEPdtiNvURbndOdN0Pu2T9m+bTqul8+ly2lZXS5dT09pTs/ZnvIqXXnpJsIRzyB+CxXK8u3GcphviMRriNvVlzPsWA9y/RW9PXSibZ1re0nqX6bRa1/m65bpaupya1p6atT/jVXz+858XLIFB8MdpOsdoscZ+vIe2f0Pbnr6Nef+GuG9dt6kuqHWdzvo5yrpaW1vb/DzLTbWqae2pWfszXsX+/v4ggqXPay4nLyYMkeflYjne3QzxOA1xm/pi35bTovetvL/q/Zbzs4bGpmldra1tnvm65VlqVdPaU7P2Z7wGEyxhiLxYnm8e/8Ub8zG3b8tpzPsWA9y/e7E95X0WGZezptO62qxtbfNdlmepldramsyzDuNU/NVf/ZVgCeeQPwTLyePWzZiPk31bXmPevyHu2yzblJ6drM53ndbV0um02jzzTbV0udRUjyltTeZZh3EqvvCFLwiWwCD447RYjvd0Yz9GY94/+7ac+ty3LmPVhbW2WtO0rtbWNq3WNt9leZZa1bT2OvOswzgVf/M3fzOIYOkzlsvJiwlD5Hm5WI53N2M+TvZteY15/7ruW12Aa6ul07paW1uf8021dLnUVC9Na68zzzqM02CCJQyRF8vzzeO/eI75dGM+RmPetxj5/i3rvtUFtrZaOu2r1nW+y3JTLVrqMaWtyTzrMF7FF7/4RcESloQXcDwHFmvsx3vM+zfmfevT0I7TvdieuhDXVmtrm6fWNp8up211tXS51FQvTWuvM886jFfxt3/7t4IlMAj+QC2W471YYz7eY963Po35OA1x32bZprrw1netS3u63NbWZblq3rYm86zDuBVf+tKXBEtgVPyxWyzHe7HGfLzHvG99GvNxuhf7Vhfk+q7lzndZbqpFS700rb3OPOswbsXf/d3fzR0sfeEOffICxdB4Ti4vj103jtN0Yz9GY96/WfatLtDV1aa119XmmU+X07a6Wrpc1dYWHdpTs/bnfMgKlkA3XoDpi+fSYjne3ThO3Yz5OC3rvjWFt7r5utos7V3n51luqkVLvTStvc486zB+xd///d8LlsDc/HFZXh675TTmx23M+9anMR+ne7VvdSGvrtY0X1ebZ77Lcl0tXS411au69KmatT/nR/EP//APgiUwKv7oLS+P3WI53tM5Rt0s63FqCnjT5utq88z3sdxUi5Z6aVp7nXnW4Xwo/vEf/1GwBKjhjyeeA904Tt04TtPdi2PUFPrOYj5dbmvrstxUi5Z6aVp7nXnW4fwQLKGFF1CGxnNyeXnsFsvx7mbMx2nWfWsKfH3Np8ttbV2Wm2rRUq/q0ic1zzqcH8XLL78sWAKD4A8WngOL5XhP5xh1s8zHKd32pvCXM58ut7XVLefWUl361Jl3Pc6H4p/+6Z8ES4Aa/oDiObBYjnc3jlM3sx6npuDXNJ8uN82ny21tTbV0uakWLfWqLn1S86zD+SJYMjpe+Bgzz288BxbL8e5mmY9Tuu1NIbBpPl2et62pli6X6up1tVSXPnXmXY/zo/jyl78sWAJz84eGPnk+LSeP22I53t3Mepy6BsCm+WnLbW1nVUt16dMkZ13Oh+KVV14RLAFq+COK58Dy8tgt1jIf73Tbu4bBedvqlnNr0VKv6tKnzrzrcb4IlgyGFy2Yzr8TPAeWl8dusWY93vMGw7a2Lsu5tWipV3Xp0yRnXc6P4p//+Z8FS2Bu/tjQJ8+n883jv3iO+elj0GdonLacWyu1tUWH9jY563K+FK+++qpgCVDDH1P65PmE58B09+oY1d1vWut7eZZazFGv6tKnzrzrcT4JlgyGFy9YLP/m6Ivn0vI6749d3f6ntdzl3FrMUa/q0qfOvOtxfhVf+cpXBEtgEPwRY2g8J/EcWKx7ebzT+06X62rTlnNr0VKPKW3Rob1NzrqcT8WdO3cEywaTyXgPjRcLWE7+7dInzyc8B+qPQVpLl+tq6XJuLVrqMaWt1KVPnXnX43wTLIEs/vgwRJ6X9MVzaXnN89il66TLi6pFSz2mtJW69GmSsy7nV/Haa68JlgBnzB9phsjzEs+BQ3XHIa2ly7PUoqFeV4uWemlae3TsU2fe9UCwhAXwIg2L5d8cffFcWl7zPnZ16/VdiznqpWnt0bFPk5x1Od+Kf/mXfxEsAWr448rYeY7jOXCo6TjU1bvWosd6aVp7dOzTJGddKF5//fVRBcsxf+HOEHkBAvrkNYW+eC7RRdPzpK5eV4sF1EvT2qNjnza563O+jS5YAvjDyJh5ftMnz6eT6o5HXS16rMeUtujQXurar07OuhARUfzrv/6rYAnA3LwZYYg8L+mi7XnS1DZrPTLaokN7qWu/Jrnrg2AJjI4/joyZ5zdDNKbnZdO+NNWjpa2pHlPaSl36xAz9muSuDxERxb/9278JlgAMgjc3jJnn97C1PT5NbU31yGgrdekTM/Rr08cYIFgCNPCHFrrxb4VlNe2529TeVC+1tbe1lbr0iRn6TdPXOJxvxRtvvCFYNvANs9N5IQLGzGscdDO2fytt+zNvW/TQnpq1f50+xoAQLAGWizcAsFj+zZ0f0x7rtva2tujQHh37VM3av0lf44BgCQvgRRsYIq9NnHdd/g1M69PW3tZW6tKnatb+0/Q9HudX8e///u+CJQBz86YElpd/v/W6HJdpfaa1R8c+VbP2n6bv8TjfBEtgMPyBA/ri9YRZdX3OTOs3rT069knNs06bvseD4s033xQsAaCGN16wvPr899tlrL761Jl3vTZnMSbnm2AJ0MAfXWDsvM4163ps+u5XNc86XZzVuJxvxVe/+tVBBEs/7UFfvFgCLCev3wzBLM/DLn279Kkz73rTnNW4MJhgCQBj5s0cDNes/z679u/aLzXvetOc1bgQgiXA+eUNBjBmZ/EaN8uYs/QtzbNOV2c5NoRgCcvFHwUA/C1YvFmO+Sx9S/OsM4uzHh8iIoqvfe1rgiUAMDdvWhmjeZ7Xi1pnFmc9PpQESwBo4A0ZnC/z/pufZ7151pnVIu4DSoIlMDr+kAKwiL8F897HvOvNYhH3AVXFf/zHfwiWAABnzBv9cch5HHPWncWi7geqBEsAOKe8+YRu+vi30scYXSzqfiAlWAIwOt5YAX3o47WkjzG6WuR9QUqwBEbHH1YA5tXX35C+xulikfcFTYq33npLsAQA4Nw5q0B2VuPWWeR9QRvBEgBgiQgSw7Wox2ZR9wOzECwBgCze5HKeLer5v6j7gXkJlgBk8WYHOI8W9dq3qPuBXMXBwYFgCQAAUywy5C3yvqAPgiUAANS4F+HuXtwn9EGwBACAexzq7uV9Qx8ESwAARmdZgtqybCdMI1gCADTwpp+z5PnFmAiWAGTxxghgdl47GRvBEhgdf6wBGCp/oxir4u233xYsAQDgjAiTnAcraQEAAMhTFMXxDc4DwRIAAHoiTHJeCZYAAJBJoOS8EywBAGBOAiUcEiwBAGBGAiWc5FthAQCWiDADDJFgCQDQQIgD6EawBABGRyAEWCzBEgDOKeELgL4IlgDQQPACgG6KyWQiWAIAADA3PzcCAABAFsESAACALIIlAAAAWQRLAAAAsgiWAAAAZBEsAQAAyCJYAgAAkEWwBAAAIItgCQAAQBbBEgAAgCyCJQAAAFkESwAAALIIlgAAAGQRLAEAAMgiWAIAAJBFsAQAACCLYAkAAEAWwRIAAIAsgiUAAABZBEsAAACyCJYAAABkESwBAADIIlgCAACQRbAEAAAgi2AJAABAFsESAACALIIlAAAAWQRLAAAAsgiWAAAAZBEsAQAAyCJYAgAAkEWwBAAAIItgCQAAQBbBEgAAgCyCJQAAAFkESwAAALIIlgAAAGQRLAEAAMgiWAIAAJBFsAQAACCLYAkAAEAWwRIAAIAsgiUAAABZBEsAAACyCJYAAABkESwBAADIIlgCAACQRbAEAAAgi2AJAABAFsESAACALIIlAAAAWQRLAAAAsgiWAAAAZBEsAQAAyCJYAgAAkEWwBAAAIItgCQAAQBbBEgAAgCyCJQAAAFkESwAAALIIlgAAAGQRLAEAAMgiWAIAAJBFsAQAACCLYAkAAEAWwRIAAIAsgiUAAABZBEsAAACyCJYAAABkESwBAADIIlgCAACQRbAEAAAgi2AJAABAFsESAACALIIlAAAAWQRLAAAAsgiWAAAAZBEsAQAAyCJYAgAAkEWwBAAAIItgCQAAQBbBEgAAgCyCJQAAAFkESwAAALIIlgAAAGQRLAEAAMgiWAIAAJBFsAQAACCLYAkAAEAWwRIAAIAsgiUAAABZBEsAAACyCJYAAABkESwBAADIIlgCAACQRbAEAAAgi2AJAABAFsESAACALIIlAAAAWf5/TmNXEhS1IE0AAAAASUVORK5CYII=\">3</p>', '2026-03-19 12:00:00', '2026-03-19 15:09:12');
INSERT INTO `diary` VALUES (17, 3, '4', '<p>5</p>', '2026-03-19 12:00:00', '2026-03-19 14:43:40');
INSERT INTO `diary` VALUES (18, 3, '5', '<p>5</p>', '2026-03-19 12:00:00', '2026-03-19 14:43:47');
INSERT INTO `diary` VALUES (19, 3, '6', '<p>6</p>', '2026-03-19 12:00:00', '2026-03-19 14:43:50');
INSERT INTO `diary` VALUES (20, 5, 'sqwdefsgrtfh', '<p>eawrsdtgyukhgthgxdfze\'g\'w\'r\'g\'h\'de\'te\'y\'r</p>', '2026-05-25 12:00:00', '2026-05-25 17:01:03');

-- ----------------------------
-- Table structure for diary_circle
-- ----------------------------
DROP TABLE IF EXISTS `diary_circle`;
CREATE TABLE `diary_circle`  (
  `id` int NOT NULL AUTO_INCREMENT COMMENT '动态 ID',
  `user_id` int NOT NULL COMMENT '用户 ID',
  `content` text CHARACTER SET utf8mb4 COLLATE utf8mb4_unicode_ci NOT NULL COMMENT '动态内容',
  `create_time` datetime NULL DEFAULT CURRENT_TIMESTAMP COMMENT '创建时间',
  `update_time` datetime NULL DEFAULT CURRENT_TIMESTAMP ON UPDATE CURRENT_TIMESTAMP COMMENT '更新时间',
  PRIMARY KEY (`id`) USING BTREE,
  INDEX `idx_user_id`(`user_id` ASC) USING BTREE,
  INDEX `idx_create_time`(`create_time` ASC) USING BTREE
) ENGINE = InnoDB AUTO_INCREMENT = 9 CHARACTER SET = utf8mb4 COLLATE = utf8mb4_unicode_ci COMMENT = '字迹圈动态表' ROW_FORMAT = DYNAMIC;

-- ----------------------------
-- Records of diary_circle
-- ----------------------------
INSERT INTO `diary_circle` VALUES (1, 3, '123', '2026-03-19 15:25:52', '2026-03-20 09:42:49');
INSERT INTO `diary_circle` VALUES (3, 3, '123356', '2026-03-19 16:18:40', '2026-03-20 09:49:04');
INSERT INTO `diary_circle` VALUES (4, 2, '1234', '2026-03-20 09:43:03', '2026-05-25 17:04:51');
INSERT INTO `diary_circle` VALUES (7, 5, 'asdfghjkslfngirbhg', '2026-05-25 17:11:00', '2026-05-25 17:11:00');
INSERT INTO `diary_circle` VALUES (8, 5, 'egsuafydijopkebwhrbfs\n', '2026-05-25 17:11:18', '2026-05-25 17:11:18');

-- ----------------------------
-- Table structure for diary_circle_like
-- ----------------------------
DROP TABLE IF EXISTS `diary_circle_like`;
CREATE TABLE `diary_circle_like`  (
  `id` int NOT NULL AUTO_INCREMENT COMMENT '记录 ID',
  `diary_circle_id` int NOT NULL COMMENT '动态 ID',
  `user_id` int NOT NULL COMMENT '用户 ID',
  `create_time` datetime NULL DEFAULT CURRENT_TIMESTAMP COMMENT '点赞时间',
  PRIMARY KEY (`id`) USING BTREE,
  UNIQUE INDEX `uk_diary_circle_user`(`diary_circle_id` ASC, `user_id` ASC) USING BTREE,
  INDEX `idx_diary_circle_id`(`diary_circle_id` ASC) USING BTREE,
  INDEX `idx_user_id`(`user_id` ASC) USING BTREE
) ENGINE = InnoDB AUTO_INCREMENT = 18 CHARACTER SET = utf8mb4 COLLATE = utf8mb4_unicode_ci COMMENT = '动态点赞记录表' ROW_FORMAT = DYNAMIC;

-- ----------------------------
-- Records of diary_circle_like
-- ----------------------------
INSERT INTO `diary_circle_like` VALUES (2, 2, 3, '2026-03-19 17:08:22');
INSERT INTO `diary_circle_like` VALUES (8, 3, 3, '2026-03-20 09:41:15');
INSERT INTO `diary_circle_like` VALUES (10, 1, 3, '2026-03-20 09:41:18');
INSERT INTO `diary_circle_like` VALUES (12, 3, 2, '2026-03-20 09:42:46');
INSERT INTO `diary_circle_like` VALUES (13, 1, 2, '2026-03-20 09:42:49');

-- ----------------------------
-- Table structure for friend_request
-- ----------------------------
DROP TABLE IF EXISTS `friend_request`;
CREATE TABLE `friend_request`  (
  `id` int NOT NULL AUTO_INCREMENT COMMENT '主键',
  `from_user_id` int NOT NULL COMMENT '申请人',
  `to_user_id` int NOT NULL COMMENT '被申请人',
  `status` tinyint NOT NULL DEFAULT 0 COMMENT '0待处理 1已同意 2已拒绝',
  `create_time` datetime NULL DEFAULT CURRENT_TIMESTAMP COMMENT '创建时间',
  `update_time` datetime NULL DEFAULT CURRENT_TIMESTAMP ON UPDATE CURRENT_TIMESTAMP COMMENT '更新时间',
  PRIMARY KEY (`id`) USING BTREE,
  UNIQUE INDEX `uk_from_to`(`from_user_id` ASC, `to_user_id` ASC) USING BTREE,
  INDEX `idx_to_status`(`to_user_id` ASC, `status` ASC) USING BTREE,
  INDEX `idx_from_status`(`from_user_id` ASC, `status` ASC) USING BTREE
) ENGINE = InnoDB AUTO_INCREMENT = 3 CHARACTER SET = utf8mb4 COLLATE = utf8mb4_unicode_ci COMMENT = '好友申请表' ROW_FORMAT = DYNAMIC;

-- ----------------------------
-- Records of friend_request
-- ----------------------------
INSERT INTO `friend_request` VALUES (1, 4, 3, 1, '2026-05-12 15:56:58', '2026-05-12 15:57:52');
INSERT INTO `friend_request` VALUES (2, 5, 4, 1, '2026-05-25 17:00:00', '2026-05-25 17:00:20');

-- ----------------------------
-- Table structure for user
-- ----------------------------
DROP TABLE IF EXISTS `user`;
CREATE TABLE `user`  (
  `id` int NOT NULL AUTO_INCREMENT,
  `uid` bigint NOT NULL COMMENT '账号UID，从10000000起',
  `name` varchar(255) CHARACTER SET utf8mb4 COLLATE utf8mb4_0900_ai_ci NOT NULL COMMENT '昵称',
  `password` varchar(255) CHARACTER SET utf8mb4 COLLATE utf8mb4_0900_ai_ci NOT NULL COMMENT '密码',
  `phone` varchar(100) CHARACTER SET utf8mb4 COLLATE utf8mb4_0900_ai_ci NOT NULL COMMENT '手机号',
  `email` varchar(255) CHARACTER SET utf8mb4 COLLATE utf8mb4_0900_ai_ci NULL DEFAULT NULL COMMENT '邮箱',
  `allow_phone_search` tinyint(1) NOT NULL DEFAULT 1 COMMENT '是否允许通过手机号被搜索',
  `allow_email_search` tinyint(1) NOT NULL DEFAULT 1 COMMENT '是否允许通过邮箱被搜索',
  `hide_phone` tinyint(1) NOT NULL DEFAULT 0 COMMENT '对好友隐藏手机号',
  `hide_email` tinyint(1) NOT NULL DEFAULT 0 COMMENT '对好友隐藏邮箱',
  `birthday` date NULL DEFAULT NULL COMMENT '生日',
  `address` varchar(255) CHARACTER SET utf8mb4 COLLATE utf8mb4_0900_ai_ci NULL DEFAULT NULL COMMENT '地址',
  `avatar` longtext CHARACTER SET utf8mb4 COLLATE utf8mb4_0900_ai_ci NULL COMMENT '头像URL（Base64编码）',
  `theme` varchar(50) CHARACTER SET utf8mb4 COLLATE utf8mb4_0900_ai_ci NULL DEFAULT 'default',
  PRIMARY KEY (`id`) USING BTREE,
  UNIQUE INDEX `uk_user_uid`(`uid` ASC) USING BTREE
) ENGINE = InnoDB AUTO_INCREMENT = 6 CHARACTER SET = utf8mb4 COLLATE = utf8mb4_0900_ai_ci ROW_FORMAT = DYNAMIC;

-- ----------------------------
-- Records of user
-- 演示用户（密码均为 123456 的 MD5）
INSERT INTO `user` (`id`, `uid`, `name`, `password`, `phone`, `email`, `allow_phone_search`, `allow_email_search`, `hide_phone`, `hide_email`, `birthday`, `address`, `avatar`, `theme`) VALUES
(2, 10000000, 'hh', 'e10adc3949ba59abbe56e057f20f883e', '15548157447', NULL, 1, 1, 0, 0, '2025-10-27', 'beijing', NULL, 'default'),
(3, 10000001, '123', 'e10adc3949ba59abbe56e057f20f883e', '15548157446', NULL, 1, 1, 0, 0, '2005-01-18', '15,1509,150924', NULL, 'light'),
(4, 10000002, '夜梦水尚清', 'e10adc3949ba59abbe56e057f20f883e', '19935212852', NULL, 1, 1, 0, 0, '2005-03-29', '14,1402,140213', NULL, 'default'),
(5, 10000003, 'sm', 'e10adc3949ba59abbe56e057f20f883e', '15598195164', NULL, 1, 1, 0, 0, '2026-05-21', '14,1402,140213', NULL, 'light');
SET FOREIGN_KEY_CHECKS = 1;
